1.jpg,253,278,270,316,human
2.jpg,154,136,224,200,human
2.jpg,268,372,323,428,human
3.jpg,301,119,336,183,human
3.jpg,453,149,508,205,human
4.jpg,224,195,273,238,human
4.jpg,320,353,373,404,human
4.jpg,133,190,181,231,human
5.jpg,275,308,332,354,human
5.jpg,161,65,221,124,human
5.jpg,196,241,253,259,human
6.jpg,386,88,406,151,human
7.jpg,458,102,520,164,human
8.jpg,229,432,258,498,human
8.jpg,133,443,192,512,human
8.jpg,340,399,376,463,human
9.jpg,151,114,214,181,human
9.jpg,460,130,547,188,human
9.jpg,412,316,462,344,human
10.jpg,277,85,332,125,human
11.jpg,420,307,479,332,human
12.jpg,261,360,292,421,human
12.jpg,303,448,338,532,human
12.jpg,389,433,408,504,human
13.jpg,274,447,287,523,human
13.jpg,469,233,536,290,human
13.jpg,506,368,573,402,human
14.jpg,462,284,517,320,human
14.jpg,267,352,284,407,human
14.jpg,59,384,132,449,human
15.jpg,304,70,342,135,human
16.jpg,213,360,267,399,human
16.jpg,204,47,258,124,human
16.jpg,260,354,322,418,human
17.jpg,,,,,
18.jpg,126,167,186,227,human
18.jpg,114,313,186,372,human
18.jpg,429,172,477,229,human
19.jpg,403,228,470,286,human
20.jpg,405,381,445,439,human
20.jpg,143,331,218,393,human
21.jpg,,,,,
22.jpg,135,471,195,502,human
22.jpg,160,371,200,423,human
22.jpg,419,156,479,200,human
23.jpg,,,,,
24.jpg,476,253,537,307,human
25.jpg,,,,,
26.jpg,,,,,
27.jpg,,,,,
28.jpg,346,306,383,363,human
29.jpg,334,203,391,242,human
30.jpg,,,,,
31.jpg,341,473,395,533,human
31.jpg,488,318,551,377,human
32.jpg,494,236,561,297,human
33.jpg,81,141,138,180,human
33.jpg,412,292,473,342,human
34.jpg,82,87,138,147,human
34.jpg,130,451,189,507,human
35.jpg,164,71,218,126,human
35.jpg,69,116,128,171,human
35.jpg,426,246,485,305,human
36.jpg,,,,,
37.jpg,119,109,186,162,human
37.jpg,344,76,385,141,human
37.jpg,162,162,201,220,human
38.jpg,239,442,299,499,human
38.jpg,464,210,536,252,human
38.jpg,145,61,199,103,human
39.jpg,129,268,190,314,human
39.jpg,238,124,290,188,human
39.jpg,207,219,232,271,human
40.jpg,219,232,273,291,human
41.jpg,,,,,
42.jpg,451,69,503,127,human
43.jpg,290,269,348,291,human
44.jpg,452,342,523,405,human
45.jpg,,,,,
46.jpg,429,103,495,167,human
46.jpg,113,439,180,506,human
46.jpg,429,457,497,528,human
47.jpg,236,146,295,194,human
47.jpg,449,391,514,411,human
47.jpg,262,349,314,372,human
48.jpg,438,138,492,180,human
48.jpg,275,118,308,175,human
49.jpg,,,,,
50.jpg,142,444,196,500,human
51.jpg,,,,,
52.jpg,169,177,206,225,human
52.jpg,136,267,191,285,human
52.jpg,73,147,140,211,human
53.jpg,,,,,
54.jpg,378,271,423,328,human
54.jpg,276,362,331,410,human
55.jpg,,,,,
56.jpg,,,,,
57.jpg,391,345,456,414,human
57.jpg,416,245,470,291,human
58.jpg,,,,,
59.jpg,,,,,
60.jpg,127,113,177,177,human
60.jpg,113,317,178,356,human
60.jpg,446,331,498,385,human
61.jpg,,,,,
62.jpg,,,,,
63.jpg,,,,,
64.jpg,,,,,
65.jpg,486,443,558,492,human
65.jpg,138,222,181,276,human
65.jpg,160,256,222,290,human
66.jpg,153,326,216,387,human
66.jpg,275,397,284,457,human
66.jpg,108,353,171,424,human
67.jpg,403,156,468,227,human
67.jpg,219,71,279,135,human
67.jpg,464,312,514,364,human
68.jpg,137,60,172,114,human
68.jpg,458,224,519,272,human
69.jpg,348,310,410,369,human
69.jpg,511,314,570,338,human
70.jpg,234,371,276,434,human
70.jpg,75,190,151,252,human
70.jpg,114,182,163,209,human
71.jpg,,,,,
72.jpg,332,440,393,515,human
73.jpg,405,400,448,464,human
73.jpg,369,259,406,315,human
73.jpg,161,365,223,413,human
74.jpg,264,253,316,279,human
74.jpg,137,251,205,313,human
75.jpg,153,71,213,136,human
75.jpg,379,358,439,429,human
75.jpg,354,357,402,389,human
76.jpg,,,,,
77.jpg,474,204,542,251,human
77.jpg,133,166,201,226,human
77.jpg,181,303,238,337,human
78.jpg,234,121,282,167,human
79.jpg,244,146,289,203,human
79.jpg,327,378,375,442,human
80.jpg,422,412,487,469,human
80.jpg,278,279,330,313,human
80.jpg,296,116,321,170,human
81.jpg,119,20,177,95,human
81.jpg,271,190,319,233,human
82.jpg,244,163,292,225,human
82.jpg,367,206,397,251,human
83.jpg,201,306,249,320,human
84.jpg,226,339,285,380,human
84.jpg,392,75,449,136,human
84.jpg,128,116,181,191,human
85.jpg,251,212,297,255,human
85.jpg,392,61,432,130,human
85.jpg,280,180,311,240,human
86.jpg,248,345,298,399,human
87.jpg,492,208,544,259,human
88.jpg,170,237,220,281,human
88.jpg,220,89,276,152,human
88.jpg,445,218,496,277,human
89.jpg,171,367,222,402,human
89.jpg,354,211,411,245,human
90.jpg,,,,,
91.jpg,158,125,195,186,human
91.jpg,160,175,195,230,human
91.jpg,300,395,345,444,human
92.jpg,373,135,434,198,human
93.jpg,389,95,433,161,human
93.jpg,295,93,345,157,human
94.jpg,,,,,
95.jpg,290,185,335,207,human
95.jpg,82,398,154,462,human
95.jpg,154,172,222,197,human
96.jpg,98,347,149,393,human
96.jpg,284,213,324,261,human
97.jpg,,,,,
98.jpg,218,361,276,415,human
99.jpg,,,,,
100.jpg,439,317,511,348,human
100.jpg,199,405,248,439,human
100.jpg,496,351,568,392,human
101.jpg,440,297,510,326,human
101.jpg,101,392,145,453,human
101.jpg,509,272,581,310,human
102.jpg,316,425,380,494,human
102.jpg,520,143,603,178,human
103.jpg,463,74,525,118,human
104.jpg,393,121,452,162,human
104.jpg,271,90,317,152,human
105.jpg,215,441,280,516,human
105.jpg,171,170,224,234,human
105.jpg,223,341,283,400,human
106.jpg,443,308,508,370,human
107.jpg,416,181,489,222,human
108.jpg,206,155,257,206,human
108.jpg,397,217,456,279,human
109.jpg,,,,,
110.jpg,432,48,497,126,human
110.jpg,132,228,190,291,human
110.jpg,121,415,188,477,human
111.jpg,,,,,
112.jpg,184,357,242,408,human
113.jpg,107,189,164,248,human
114.jpg,372,415,409,467,human
114.jpg,290,157,334,197,human
115.jpg,406,433,462,496,human
115.jpg,403,82,477,149,human
115.jpg,278,305,326,365,human
116.jpg,423,398,476,436,human
117.jpg,140,308,202,368,human
117.jpg,142,158,208,211,human
117.jpg,209,357,270,396,human
118.jpg,247,171,302,212,human
118.jpg,210,400,254,451,human
119.jpg,188,222,232,271,human
120.jpg,58,186,130,226,human
120.jpg,274,413,340,484,human
121.jpg,97,400,165,440,human
122.jpg,174,452,219,510,human
122.jpg,49,203,118,235,human
122.jpg,342,227,384,278,human
123.jpg,343,101,388,164,human
124.jpg,113,403,185,454,human
125.jpg,431,130,492,194,human
125.jpg,493,302,544,353,human
125.jpg,214,296,268,343,human
126.jpg,519,446,600,493,human
126.jpg,520,212,592,261,human
127.jpg,,,,,
128.jpg,,,,,
129.jpg,197,458,254,522,human
130.jpg,389,231,442,272,human
130.jpg,389,147,452,195,human
130.jpg,156,182,225,240,human
131.jpg,195,258,249,308,human
131.jpg,155,322,209,373,human
132.jpg,,,,,
133.jpg,407,70,463,129,human
134.jpg,,,,,
135.jpg,403,109,459,140,human
136.jpg,231,307,274,360,human
136.jpg,425,114,488,160,human
136.jpg,314,232,362,287,human
137.jpg,132,383,190,448,human
138.jpg,259,455,314,495,human
139.jpg,,,,,
140.jpg,239,399,293,433,human
140.jpg,268,149,290,207,human
141.jpg,382,412,430,458,human
142.jpg,122,303,177,338,human
142.jpg,468,414,527,474,human
143.jpg,,,,,
144.jpg,448,346,525,378,human
145.jpg,,,,,
146.jpg,,,,,
147.jpg,453,308,493,366,human
147.jpg,390,298,461,334,human
147.jpg,233,246,276,300,human
148.jpg,473,240,529,293,human
148.jpg,206,29,241,99,human
148.jpg,94,186,159,224,human
149.jpg,501,154,560,206,human
149.jpg,474,204,510,259,human
149.jpg,206,449,255,484,human
150.jpg,98,368,164,421,human
150.jpg,197,234,253,285,human
151.jpg,,,,,
152.jpg,122,286,188,323,human
153.jpg,140,388,193,429,human
154.jpg,494,200,540,245,human
155.jpg,188,178,250,237,human
155.jpg,401,424,460,487,human
156.jpg,,,,,
157.jpg,265,107,325,171,human
158.jpg,275,333,324,380,human
158.jpg,200,152,245,181,human
159.jpg,239,56,295,110,human
159.jpg,269,35,302,98,human
159.jpg,467,429,532,502,human
160.jpg,221,296,268,348,human
160.jpg,159,272,222,331,human
161.jpg,403,258,446,299,human
161.jpg,443,99,484,154,human
162.jpg,424,244,472,285,human
162.jpg,192,256,243,271,human
162.jpg,163,368,214,404,human
163.jpg,446,171,506,225,human
163.jpg,444,144,480,200,human
163.jpg,179,377,223,444,human
164.jpg,431,367,488,421,human
164.jpg,448,206,512,266,human
165.jpg,248,150,272,197,human
165.jpg,416,259,473,307,human
166.jpg,57,349,126,398,human
166.jpg,117,114,180,141,human
166.jpg,280,119,296,170,human
167.jpg,,,,,
168.jpg,208,100,252,156,human
168.jpg,443,410,526,475,human
169.jpg,,,,,
170.jpg,304,286,352,309,human
171.jpg,430,213,479,262,human
171.jpg,277,405,319,455,human
171.jpg,389,202,460,261,human
172.jpg,347,53,386,123,human
173.jpg,316,425,361,457,human
173.jpg,203,452,246,515,human
173.jpg,323,445,383,491,human
174.jpg,210,250,261,287,human
175.jpg,61,350,133,416,human
175.jpg,187,238,243,267,human
175.jpg,176,418,229,478,human
176.jpg,128,207,179,260,human
177.jpg,232,344,248,395,human
177.jpg,128,212,192,240,human
178.jpg,,,,,
179.jpg,,,,,
180.jpg,233,88,287,119,human
180.jpg,343,104,400,139,human
181.jpg,299,199,345,232,human
181.jpg,282,484,334,533,human
182.jpg,469,273,526,314,human
183.jpg,145,226,180,279,human
183.jpg,327,474,346,544,human
184.jpg,,,,,
185.jpg,,,,,
186.jpg,117,74,187,145,human
186.jpg,446,323,513,363,human
186.jpg,414,249,442,301,human
187.jpg,272,331,322,390,human
188.jpg,222,238,264,277,human
188.jpg,486,379,556,444,human
189.jpg,220,210,243,264,human
190.jpg,410,192,467,245,human
191.jpg,138,408,205,475,human
192.jpg,177,191,229,256,human
192.jpg,243,301,288,345,human
192.jpg,194,247,239,298,human
193.jpg,270,402,324,463,human
193.jpg,255,197,306,247,human
194.jpg,310,274,373,326,human
194.jpg,285,416,332,488,human
194.jpg,262,283,322,341,human
195.jpg,295,17,331,83,human
195.jpg,346,98,409,164,human
196.jpg,243,220,297,272,human
197.jpg,174,448,219,519,human
198.jpg,463,215,530,234,human
198.jpg,109,167,171,191,human
198.jpg,153,77,206,120,human
199.jpg,189,377,240,437,human
199.jpg,74,101,137,162,human
199.jpg,195,302,257,369,human
200.jpg,,,,,
201.jpg,,,,,
202.jpg,280,472,329,531,human
202.jpg,482,422,539,469,human
202.jpg,111,300,168,345,human
203.jpg,203,337,265,399,human
203.jpg,234,333,289,378,human
204.jpg,158,355,214,413,human
204.jpg,170,234,228,260,human
205.jpg,,,,,
206.jpg,486,97,526,156,human
206.jpg,472,395,541,446,human
206.jpg,218,390,274,422,human
207.jpg,262,95,305,117,human
207.jpg,296,37,354,106,human
207.jpg,150,253,179,297,human
208.jpg,452,460,519,544,human
208.jpg,469,127,522,163,human
208.jpg,264,110,306,168,human
209.jpg,,,,,
210.jpg,478,381,543,422,human
210.jpg,209,156,273,218,human
210.jpg,479,135,523,188,human
211.jpg,221,423,272,496,human
212.jpg,475,209,514,256,human
212.jpg,219,350,271,394,human
213.jpg,,,,,
214.jpg,90,51,158,106,human
215.jpg,402,380,468,415,human
215.jpg,471,279,535,338,human
215.jpg,328,366,380,393,human
216.jpg,413,82,467,119,human
216.jpg,117,266,172,315,human
217.jpg,333,343,357,395,human
217.jpg,283,427,338,489,human
218.jpg,470,107,534,156,human
218.jpg,466,46,527,108,human
219.jpg,394,151,453,203,human
219.jpg,499,133,550,193,human
219.jpg,453,93,514,156,human
220.jpg,427,383,447,448,human
220.jpg,391,57,453,121,human
221.jpg,341,408,354,468,human
222.jpg,393,305,458,373,human
222.jpg,393,186,434,229,human
222.jpg,425,346,471,397,human
223.jpg,455,83,497,144,human
223.jpg,439,239,502,266,human
223.jpg,94,291,146,337,human
224.jpg,147,269,207,324,human
225.jpg,60,425,134,493,human
226.jpg,249,202,307,250,human
226.jpg,169,303,225,346,human
227.jpg,304,118,348,152,human
227.jpg,305,179,366,241,human
228.jpg,322,92,386,163,human
229.jpg,,,,,
230.jpg,,,,,
231.jpg,,,,,
232.jpg,,,,,
233.jpg,394,94,444,137,human
234.jpg,315,77,360,129,human
234.jpg,263,143,321,206,human
235.jpg,,,,,
236.jpg,374,107,422,165,human
236.jpg,402,64,435,124,human
236.jpg,396,248,461,310,human
237.jpg,241,335,304,379,human
237.jpg,103,250,156,306,human
237.jpg,476,221,539,276,human
238.jpg,403,242,463,286,human
239.jpg,,,,,
240.jpg,219,34,282,104,human
241.jpg,408,46,477,91,human
241.jpg,73,412,140,452,human
241.jpg,300,223,342,259,human
242.jpg,197,247,241,285,human
242.jpg,313,463,368,507,human
243.jpg,367,269,407,318,human
244.jpg,388,112,446,186,human
244.jpg,227,247,259,292,human
244.jpg,191,118,252,174,human
245.jpg,132,346,164,405,human
245.jpg,415,437,461,503,human
246.jpg,,,,,
247.jpg,442,428,490,485,human
248.jpg,500,318,550,377,human
249.jpg,406,35,439,105,human
249.jpg,450,369,517,429,human
250.jpg,200,242,252,294,human
250.jpg,94,430,150,484,human
251.jpg,,,,,
252.jpg,241,369,295,395,human
252.jpg,302,91,357,140,human
253.jpg,166,174,227,208,human
254.jpg,305,464,359,511,human
254.jpg,488,241,542,282,human
255.jpg,,,,,
256.jpg,308,269,345,306,human
256.jpg,279,54,337,119,human
257.jpg,481,101,537,149,human
257.jpg,210,202,260,258,human
258.jpg,128,188,177,212,human
259.jpg,219,363,272,414,human
259.jpg,211,284,230,337,human
260.jpg,195,432,244,488,human
260.jpg,444,152,489,208,human
260.jpg,362,93,410,157,human
261.jpg,271,465,333,538,human
261.jpg,386,174,446,205,human
262.jpg,501,345,540,398,human
263.jpg,352,292,407,348,human
263.jpg,112,426,175,490,human
263.jpg,110,316,177,354,human
264.jpg,181,66,244,124,human
264.jpg,487,82,514,143,human
264.jpg,168,412,212,460,human
265.jpg,191,291,224,333,human
265.jpg,336,301,389,310,human
266.jpg,,,,,
267.jpg,,,,,
268.jpg,469,232,531,298,human
269.jpg,101,398,167,474,human
269.jpg,342,153,393,218,human
269.jpg,182,389,231,454,human
270.jpg,434,280,479,329,human
270.jpg,169,94,205,154,human
271.jpg,123,358,189,396,human
272.jpg,293,441,346,502,human
272.jpg,459,439,518,495,human
272.jpg,240,145,296,211,human
273.jpg,275,268,331,327,human
273.jpg,491,442,528,505,human
273.jpg,177,212,238,241,human
274.jpg,64,149,146,186,human
274.jpg,236,367,300,431,human
275.jpg,279,322,328,388,human
276.jpg,176,95,245,138,human
276.jpg,374,415,429,488,human
277.jpg,428,165,485,187,human
277.jpg,369,319,427,354,human
277.jpg,445,191,482,247,human
278.jpg,167,225,223,280,human
279.jpg,,,,,
280.jpg,116,138,165,190,human
281.jpg,378,82,440,151,human
281.jpg,93,329,152,384,human
281.jpg,430,63,477,134,human
282.jpg,337,93,380,129,human
282.jpg,408,409,465,442,human
283.jpg,338,206,370,254,human
284.jpg,,,,,
285.jpg,,,,,
286.jpg,492,141,550,190,human
287.jpg,159,363,227,420,human
287.jpg,264,389,322,452,human
288.jpg,395,389,446,454,human
288.jpg,458,157,521,216,human
289.jpg,411,312,467,327,human
290.jpg,,,,,
291.jpg,472,150,544,218,human
291.jpg,513,372,574,436,human
291.jpg,219,358,281,408,human
292.jpg,140,293,203,350,human
292.jpg,200,159,260,204,human
292.jpg,391,420,436,477,human
293.jpg,353,202,409,237,human
294.jpg,,,,,
295.jpg,459,395,530,445,human
295.jpg,211,398,249,447,human
295.jpg,483,403,546,479,human
296.jpg,452,403,517,451,human
296.jpg,332,301,366,357,human
296.jpg,520,387,572,422,human
297.jpg,191,271,252,310,human
297.jpg,419,116,474,172,human
297.jpg,400,364,461,402,human
298.jpg,316,111,363,150,human
298.jpg,480,320,531,378,human
299.jpg,503,67,558,125,human
299.jpg,158,141,207,196,human
299.jpg,225,234,282,286,human
300.jpg,,,,,
301.jpg,,,,,
302.jpg,91,469,149,530,human
302.jpg,360,412,422,462,human
303.jpg,251,71,305,137,human
303.jpg,61,273,117,303,human
303.jpg,263,98,308,172,human
304.jpg,148,199,188,245,human
305.jpg,461,477,527,544,human
305.jpg,397,227,460,241,human
306.jpg,309,231,359,285,human
307.jpg,,,,,
308.jpg,110,175,156,235,human
308.jpg,380,92,440,163,human
308.jpg,121,297,174,329,human
309.jpg,207,322,234,369,human
309.jpg,208,274,248,322,human
309.jpg,218,160,263,213,human
310.jpg,354,237,410,281,human
310.jpg,253,124,299,165,human
311.jpg,236,406,286,465,human
311.jpg,249,250,304,304,human
312.jpg,303,215,355,261,human
312.jpg,137,72,207,142,human
313.jpg,184,17,229,92,human
313.jpg,481,156,537,197,human
313.jpg,322,439,378,503,human
314.jpg,,,,,
315.jpg,,,,,
316.jpg,403,84,467,121,human
316.jpg,347,397,393,444,human
316.jpg,238,394,295,448,human
317.jpg,416,402,475,429,human
317.jpg,177,409,225,466,human
317.jpg,350,83,395,117,human
318.jpg,226,149,273,193,human
319.jpg,,,,,
320.jpg,382,306,442,343,human
320.jpg,137,29,200,106,human
321.jpg,,,,,
322.jpg,408,197,462,245,human
322.jpg,105,259,159,301,human
323.jpg,150,262,208,283,human
324.jpg,390,238,406,289,human
324.jpg,438,176,511,236,human
325.jpg,392,361,443,422,human
325.jpg,426,183,505,227,human
325.jpg,98,56,156,119,human
326.jpg,,,,,
327.jpg,,,,,
328.jpg,131,92,198,133,human
328.jpg,306,134,369,201,human
328.jpg,466,256,537,295,human
329.jpg,318,58,342,130,human
329.jpg,403,336,451,401,human
329.jpg,481,15,535,89,human
330.jpg,227,322,279,373,human
330.jpg,300,279,367,340,human
331.jpg,397,250,444,312,human
331.jpg,186,205,250,231,human
332.jpg,442,252,490,315,human
333.jpg,70,192,127,227,human
333.jpg,492,215,553,258,human
333.jpg,328,88,376,127,human
334.jpg,,,,,
335.jpg,,,,,
336.jpg,,,,,
337.jpg,152,46,214,96,human
337.jpg,448,423,467,482,human
338.jpg,406,464,484,535,human
338.jpg,302,110,332,162,human
338.jpg,234,234,295,293,human
339.jpg,215,435,269,490,human
339.jpg,479,217,534,251,human
339.jpg,244,71,298,133,human
340.jpg,236,208,291,264,human
341.jpg,,,,,
342.jpg,213,302,270,334,human
343.jpg,316,246,365,304,human
343.jpg,367,354,405,417,human
344.jpg,427,291,467,345,human
345.jpg,330,129,380,185,human
345.jpg,346,440,402,495,human
346.jpg,407,138,446,197,human
347.jpg,209,472,252,532,human
348.jpg,,,,,
349.jpg,407,471,451,540,human
350.jpg,,,,,
351.jpg,176,318,226,368,human
351.jpg,170,336,243,391,human
351.jpg,506,223,548,280,human
352.jpg,,,,,
353.jpg,135,181,194,240,human
354.jpg,181,340,241,382,human
355.jpg,499,257,576,311,human
355.jpg,113,124,154,170,human
356.jpg,,,,,
357.jpg,231,35,280,95,human
357.jpg,362,327,413,386,human
357.jpg,365,418,423,471,human
358.jpg,138,315,189,367,human
359.jpg,292,84,318,151,human
359.jpg,214,253,269,309,human
360.jpg,181,165,231,216,human
360.jpg,445,217,491,276,human
360.jpg,349,82,407,128,human
361.jpg,374,423,432,483,human
361.jpg,84,115,148,176,human
362.jpg,,,,,
363.jpg,,,,,
364.jpg,280,182,302,238,human
365.jpg,431,82,489,149,human
365.jpg,164,330,217,379,human
366.jpg,,,,,
367.jpg,,,,,
368.jpg,335,24,401,93,human
369.jpg,226,99,264,175,human
370.jpg,188,163,242,219,human
371.jpg,448,132,508,192,human
372.jpg,,,,,
373.jpg,114,25,184,99,human
373.jpg,352,339,362,398,human
373.jpg,94,232,155,264,human
374.jpg,206,218,268,255,human
374.jpg,401,300,460,359,human
375.jpg,129,184,185,226,human
375.jpg,370,383,427,413,human
376.jpg,,,,,
377.jpg,197,93,257,153,human
378.jpg,,,,,
379.jpg,241,421,303,492,human
380.jpg,,,,,
381.jpg,115,299,191,352,human
381.jpg,129,413,184,473,human
381.jpg,203,438,234,496,human
382.jpg,,,,,
383.jpg,341,380,374,445,human
383.jpg,384,402,446,467,human
383.jpg,444,420,507,467,human
384.jpg,484,398,548,443,human
384.jpg,185,356,243,413,human
384.jpg,475,136,531,194,human
385.jpg,306,403,369,456,human
385.jpg,464,252,512,302,human
386.jpg,,,,,
387.jpg,242,112,305,174,human
388.jpg,112,436,176,497,human
388.jpg,117,271,187,315,human
388.jpg,344,372,363,425,human
389.jpg,87,50,167,126,human
389.jpg,289,81,347,148,human
389.jpg,107,393,145,461,human
390.jpg,,,,,
391.jpg,,,,,
392.jpg,293,229,343,282,human
393.jpg,204,347,228,397,human
394.jpg,439,467,498,524,human
394.jpg,427,55,493,127,human
394.jpg,406,328,461,376,human
395.jpg,270,169,319,225,human
395.jpg,286,170,342,220,human
395.jpg,498,373,577,411,human
396.jpg,235,407,284,470,human
396.jpg,326,311,349,370,human
396.jpg,332,61,379,129,human
397.jpg,,,,,
398.jpg,134,419,186,436,human
398.jpg,291,221,349,278,human
398.jpg,263,212,316,268,human
399.jpg,102,12,169,92,human
399.jpg,217,131,279,195,human
399.jpg,359,165,417,191,human
400.jpg,247,151,309,214,human
401.jpg,,,,,
402.jpg,368,435,429,495,human
403.jpg,214,374,261,427,human
404.jpg,176,180,222,215,human
405.jpg,122,363,181,417,human
406.jpg,472,438,532,494,human
406.jpg,445,363,484,426,human
406.jpg,283,267,340,326,human
407.jpg,233,208,294,259,human
407.jpg,464,430,510,499,human
408.jpg,154,245,191,289,human
408.jpg,408,363,454,390,human
408.jpg,459,122,483,173,human
409.jpg,107,41,166,103,human
409.jpg,415,88,458,144,human
410.jpg,490,267,548,323,human
410.jpg,397,205,450,262,human
410.jpg,326,402,389,472,human
411.jpg,144,137,212,193,human
411.jpg,180,75,243,130,human
412.jpg,,,,,
413.jpg,352,88,393,153,human
413.jpg,470,220,524,257,human
413.jpg,66,335,133,397,human
414.jpg,281,284,312,327,human
414.jpg,242,249,299,311,human
415.jpg,,,,,
416.jpg,328,329,379,369,human
416.jpg,134,421,176,484,human
416.jpg,135,100,194,161,human
417.jpg,279,105,326,155,human
418.jpg,176,387,227,412,human
418.jpg,189,93,247,153,human
419.jpg,162,33,228,112,human
420.jpg,409,375,476,423,human
420.jpg,384,257,446,317,human
421.jpg,129,261,182,323,human
422.jpg,508,91,548,147,human
422.jpg,471,342,527,401,human
422.jpg,199,406,257,444,human
423.jpg,167,231,239,275,human
424.jpg,303,421,334,479,human
425.jpg,470,355,514,408,human
425.jpg,221,438,279,478,human
426.jpg,,,,,
427.jpg,224,247,288,304,human
427.jpg,406,144,468,211,human
428.jpg,,,,,
429.jpg,446,377,511,435,human
429.jpg,241,317,300,353,human
429.jpg,128,207,194,254,human
430.jpg,461,104,509,167,human
431.jpg,197,462,254,523,human
432.jpg,299,397,337,456,human
432.jpg,211,35,263,89,human
433.jpg,120,122,181,167,human
433.jpg,476,474,531,544,human
434.jpg,495,304,532,358,human
434.jpg,269,267,322,299,human
434.jpg,396,472,430,538,human
435.jpg,218,139,276,181,human
435.jpg,247,378,287,444,human
435.jpg,293,304,342,353,human
436.jpg,170,189,212,247,human
437.jpg,488,53,541,106,human
438.jpg,148,45,209,119,human
438.jpg,449,148,511,188,human
438.jpg,168,112,232,155,human
439.jpg,,,,,
440.jpg,375,252,422,262,human
440.jpg,342,140,392,194,human
440.jpg,349,311,404,326,human
441.jpg,369,358,427,414,human
441.jpg,430,418,461,482,human
442.jpg,,,,,
443.jpg,217,381,283,431,human
443.jpg,206,93,259,151,human
443.jpg,472,222,530,272,human
444.jpg,299,426,352,492,human
444.jpg,201,214,265,272,human
444.jpg,206,264,243,306,human
445.jpg,445,176,526,218,human
445.jpg,207,185,269,217,human
446.jpg,,,,,
447.jpg,307,129,368,191,human
448.jpg,141,236,177,293,human
448.jpg,416,413,473,470,human
448.jpg,250,330,310,386,human
449.jpg,,,,,
450.jpg,478,326,519,370,human
450.jpg,128,443,192,507,human
451.jpg,151,335,192,382,human
451.jpg,118,105,171,168,human
451.jpg,438,406,505,484,human
452.jpg,,,,,
453.jpg,378,377,442,443,human
453.jpg,456,468,514,544,human
453.jpg,209,204,255,262,human
454.jpg,422,298,478,322,human
454.jpg,166,155,215,200,human
454.jpg,111,432,169,470,human
455.jpg,119,254,182,298,human
456.jpg,445,52,494,112,human
457.jpg,401,201,455,255,human
457.jpg,265,203,329,268,human
457.jpg,394,203,452,225,human
458.jpg,,,,,
459.jpg,,,,,
460.jpg,185,422,239,484,human
461.jpg,376,92,432,170,human
461.jpg,174,42,210,95,human
461.jpg,210,181,261,213,human
462.jpg,123,409,183,464,human
462.jpg,443,138,489,191,human
463.jpg,138,205,193,250,human
463.jpg,198,146,255,199,human
464.jpg,417,124,468,167,human
464.jpg,294,196,338,236,human
464.jpg,455,155,504,208,human
465.jpg,,,,,
466.jpg,,,,,
467.jpg,,,,,
468.jpg,116,367,156,419,human
469.jpg,516,78,586,146,human
470.jpg,259,52,317,121,human
470.jpg,175,267,227,318,human
470.jpg,229,300,280,342,human
471.jpg,242,288,295,323,human
471.jpg,408,442,467,504,human
472.jpg,209,233,258,264,human
472.jpg,232,301,267,349,human
473.jpg,435,422,502,494,human
473.jpg,359,146,376,198,human
473.jpg,339,341,401,387,human
474.jpg,,,,,
475.jpg,77,163,146,210,human
475.jpg,466,115,511,168,human
476.jpg,417,269,475,295,human
476.jpg,153,315,210,361,human
476.jpg,418,183,479,237,human
477.jpg,243,311,281,352,human
477.jpg,252,371,265,422,human
478.jpg,,,,,
479.jpg,,,,,
480.jpg,,,,,
481.jpg,180,57,241,98,human
482.jpg,223,171,283,231,human
482.jpg,470,318,534,341,human
483.jpg,149,250,201,283,human
484.jpg,,,,,
485.jpg,167,82,227,143,human
485.jpg,463,124,522,184,human
486.jpg,259,57,301,126,human
486.jpg,226,416,255,472,human
487.jpg,128,248,200,298,human
488.jpg,339,328,398,390,human
488.jpg,99,128,164,165,human
489.jpg,167,200,197,247,human
489.jpg,415,363,478,400,human
490.jpg,360,145,413,181,human
490.jpg,108,199,172,234,human
491.jpg,275,116,308,177,human
491.jpg,396,426,449,482,human
491.jpg,124,312,172,354,human
492.jpg,,,,,
493.jpg,,,,,
494.jpg,137,94,196,156,human
494.jpg,473,394,535,434,human
495.jpg,,,,,
496.jpg,274,180,331,238,human
496.jpg,249,107,299,160,human
496.jpg,309,289,349,344,human
497.jpg,136,179,202,228,human
497.jpg,466,227,534,272,human
498.jpg,494,132,549,173,human
499.jpg,123,121,186,178,human
500.jpg,290,251,335,297,human
501.jpg,425,102,483,163,human
501.jpg,253,418,310,490,human
501.jpg,177,144,233,191,human
502.jpg,206,287,266,329,human
502.jpg,91,130,165,198,human
502.jpg,127,210,187,242,human
503.jpg,290,348,343,420,human
504.jpg,130,411,192,444,human
505.jpg,364,146,423,185,human
506.jpg,402,339,436,395,human
507.jpg,,,,,
508.jpg,,,,,
509.jpg,,,,,
510.jpg,,,,,
511.jpg,447,123,501,167,human
512.jpg,,,,,
513.jpg,519,418,596,457,human
513.jpg,280,133,324,159,human
513.jpg,96,86,141,150,human
514.jpg,463,452,539,500,human
515.jpg,125,121,177,187,human
516.jpg,381,91,441,150,human
516.jpg,519,398,579,419,human
517.jpg,67,416,130,464,human
517.jpg,409,371,439,420,human
518.jpg,311,36,329,101,human
519.jpg,267,40,330,97,human
519.jpg,145,111,206,177,human
519.jpg,498,347,551,394,human
520.jpg,309,449,349,515,human
521.jpg,333,223,384,270,human
521.jpg,303,369,358,435,human
521.jpg,334,146,392,189,human
522.jpg,,,,,
523.jpg,422,203,487,254,human
524.jpg,,,,,
525.jpg,492,185,559,225,human
525.jpg,444,313,502,324,human
525.jpg,350,299,392,331,human
526.jpg,135,225,195,254,human
527.jpg,471,73,519,109,human
527.jpg,204,277,245,328,human
527.jpg,301,262,347,306,human
528.jpg,114,188,187,237,human
529.jpg,339,419,398,473,human
529.jpg,431,108,482,141,human
529.jpg,107,395,145,459,human
530.jpg,,,,,
531.jpg,221,380,268,435,human
531.jpg,483,306,544,364,human
532.jpg,76,130,132,182,human
532.jpg,117,341,180,373,human
532.jpg,340,440,399,505,human
533.jpg,215,383,243,449,human
533.jpg,303,377,316,430,human
534.jpg,292,202,322,246,human
534.jpg,447,277,497,329,human
535.jpg,453,239,507,285,human
535.jpg,119,316,175,323,human
535.jpg,437,163,508,214,human
536.jpg,441,375,521,434,human
536.jpg,392,122,458,175,human
537.jpg,59,71,135,126,human
537.jpg,158,451,209,518,human
538.jpg,,,,,
539.jpg,,,,,
540.jpg,,,,,
541.jpg,419,261,484,315,human
542.jpg,,,,,
543.jpg,415,428,460,497,human
543.jpg,453,294,516,352,human
544.jpg,186,193,239,223,human
544.jpg,145,150,208,183,human
544.jpg,529,69,586,125,human
545.jpg,475,204,534,235,human
545.jpg,292,436,341,484,human
545.jpg,145,376,210,427,human
546.jpg,308,84,366,140,human
546.jpg,230,392,288,455,human
546.jpg,384,180,440,211,human
547.jpg,,,,,
548.jpg,107,405,173,471,human
549.jpg,374,326,435,387,human
549.jpg,300,396,336,442,human
549.jpg,271,138,311,199,human
550.jpg,493,288,572,342,human
550.jpg,300,422,349,468,human
551.jpg,398,212,450,248,human
551.jpg,440,228,500,281,human
551.jpg,154,168,215,198,human
552.jpg,,,,,
553.jpg,,,,,
554.jpg,,,,,
555.jpg,,,,,
556.jpg,148,175,213,215,human
556.jpg,157,340,207,406,human
556.jpg,262,346,312,395,human
557.jpg,389,282,447,335,human
558.jpg,332,105,370,151,human
558.jpg,376,356,427,399,human
558.jpg,164,70,227,120,human
559.jpg,475,219,528,266,human
560.jpg,386,360,435,433,human
560.jpg,388,442,419,495,human
560.jpg,410,243,460,289,human
561.jpg,338,412,374,463,human
561.jpg,85,410,160,460,human
562.jpg,234,365,289,423,human
562.jpg,317,410,353,461,human
563.jpg,,,,,
564.jpg,125,482,188,544,human
564.jpg,245,395,299,424,human
564.jpg,139,391,208,450,human
565.jpg,357,432,399,485,human
565.jpg,297,262,340,269,human
566.jpg,378,207,424,264,human
567.jpg,,,,,
568.jpg,487,355,546,400,human
568.jpg,428,371,482,435,human
569.jpg,312,468,354,494,human
570.jpg,441,319,488,378,human
570.jpg,132,366,202,419,human
571.jpg,431,284,493,301,human
571.jpg,399,208,457,259,human
571.jpg,237,94,285,150,human
572.jpg,159,45,188,111,human
572.jpg,389,79,440,145,human
573.jpg,489,283,528,330,human
574.jpg,412,259,466,268,human
574.jpg,442,149,495,209,human
575.jpg,342,397,405,448,human
575.jpg,132,69,190,130,human
575.jpg,157,170,204,215,human
576.jpg,219,297,265,362,human
576.jpg,482,277,539,329,human
576.jpg,157,322,195,367,human
577.jpg,294,391,347,451,human
578.jpg,,,,,
579.jpg,176,390,238,440,human
579.jpg,287,238,335,280,human
579.jpg,376,341,417,399,human
580.jpg,,,,,
581.jpg,320,437,372,491,human
581.jpg,301,397,357,463,human
581.jpg,172,322,223,388,human
582.jpg,332,216,376,229,human
583.jpg,,,,,
584.jpg,,,,,
585.jpg,418,185,487,235,human
585.jpg,192,168,249,227,human
585.jpg,511,149,555,211,human
586.jpg,217,329,274,387,human
586.jpg,146,286,213,334,human
587.jpg,109,319,176,354,human
588.jpg,,,,,
589.jpg,307,406,347,460,human
589.jpg,367,279,426,308,human
589.jpg,471,346,534,406,human
590.jpg,,,,,
591.jpg,353,399,396,463,human
591.jpg,168,88,220,137,human
591.jpg,226,315,273,374,human
592.jpg,399,216,464,254,human
592.jpg,118,201,162,256,human
592.jpg,371,299,418,352,human
593.jpg,157,259,224,299,human
593.jpg,321,363,367,419,human
594.jpg,,,,,
595.jpg,336,185,391,216,human
596.jpg,365,59,414,96,human
596.jpg,367,404,417,430,human
597.jpg,330,150,375,180,human
597.jpg,346,292,401,327,human
597.jpg,381,112,418,176,human
598.jpg,177,87,240,153,human
598.jpg,370,243,418,273,human
598.jpg,53,207,142,251,human
599.jpg,418,46,445,111,human
599.jpg,437,202,499,265,human
600.jpg,405,72,453,142,human
601.jpg,,,,,
602.jpg,399,122,456,169,human
603.jpg,268,280,316,343,human
603.jpg,413,410,444,474,human
604.jpg,483,371,554,411,human
604.jpg,112,414,171,476,human
604.jpg,120,205,186,253,human
605.jpg,120,399,183,458,human
605.jpg,395,167,429,224,human
605.jpg,222,142,288,200,human
606.jpg,303,179,351,227,human
607.jpg,421,151,478,203,human
607.jpg,259,93,310,151,human
608.jpg,231,96,293,160,human
608.jpg,129,379,193,444,human
609.jpg,223,438,277,493,human
609.jpg,394,421,466,489,human
610.jpg,285,349,336,421,human
611.jpg,183,60,251,131,human
611.jpg,371,69,430,117,human
612.jpg,443,423,493,478,human
613.jpg,486,238,553,296,human
614.jpg,413,213,461,262,human
615.jpg,323,114,353,176,human
615.jpg,423,186,494,236,human
615.jpg,114,335,170,388,human
616.jpg,333,404,383,462,human
616.jpg,437,285,484,340,human
617.jpg,134,56,196,95,human
618.jpg,79,300,146,364,human
619.jpg,459,186,484,229,human
620.jpg,329,218,361,265,human
620.jpg,239,283,276,340,human
621.jpg,,,,,
622.jpg,343,198,381,250,human
622.jpg,417,357,465,402,human
622.jpg,465,314,497,369,human
623.jpg,495,22,544,91,human
623.jpg,243,359,299,399,human
624.jpg,470,378,541,442,human
625.jpg,375,434,434,488,human
625.jpg,504,272,561,308,human
625.jpg,140,67,208,121,human
626.jpg,,,,,
627.jpg,,,,,
628.jpg,170,80,205,145,human
628.jpg,114,179,180,242,human
629.jpg,140,268,195,313,human
630.jpg,,,,,
631.jpg,486,452,527,523,human
631.jpg,394,73,446,134,human
631.jpg,485,99,544,166,human
632.jpg,218,86,273,139,human
632.jpg,333,257,378,315,human
632.jpg,129,418,178,472,human
633.jpg,474,109,534,162,human
633.jpg,304,178,344,238,human
633.jpg,324,411,379,450,human
634.jpg,168,325,221,374,human
635.jpg,192,307,252,345,human
636.jpg,392,368,434,430,human
636.jpg,426,453,478,512,human
637.jpg,,,,,
638.jpg,197,225,238,271,human
639.jpg,309,449,372,514,human
639.jpg,250,146,283,215,human
639.jpg,299,248,357,307,human
640.jpg,197,249,253,266,human
640.jpg,311,227,356,274,human
640.jpg,350,412,387,473,human
641.jpg,90,183,148,215,human
641.jpg,307,319,336,366,human
641.jpg,482,166,558,205,human
642.jpg,,,,,
643.jpg,,,,,
644.jpg,380,466,440,544,human
644.jpg,264,470,304,524,human
645.jpg,397,244,452,290,human
645.jpg,340,240,378,278,human
645.jpg,205,332,265,377,human
646.jpg,139,406,201,425,human
646.jpg,471,349,526,388,human
646.jpg,417,362,467,395,human
647.jpg,153,82,191,142,human
648.jpg,,,,,
649.jpg,393,237,416,290,human
649.jpg,209,439,271,506,human
650.jpg,,,,,
651.jpg,356,320,406,369,human
651.jpg,68,174,142,239,human
651.jpg,498,249,551,273,human
652.jpg,478,417,558,468,human
652.jpg,417,361,484,417,human
653.jpg,,,,,
654.jpg,203,189,263,247,human
654.jpg,216,64,273,97,human
654.jpg,268,388,300,441,human
655.jpg,,,,,
656.jpg,155,142,205,196,human
656.jpg,154,214,200,268,human
656.jpg,444,172,482,230,human
657.jpg,,,,,
658.jpg,,,,,
659.jpg,345,440,389,469,human
659.jpg,118,70,182,122,human
659.jpg,330,402,369,457,human
660.jpg,201,336,254,390,human
660.jpg,75,380,143,444,human
661.jpg,260,341,308,410,human
662.jpg,403,394,434,446,human
663.jpg,470,200,535,218,human
663.jpg,247,352,288,398,human
663.jpg,384,472,431,544,human
664.jpg,357,103,409,173,human
664.jpg,399,283,429,325,human
664.jpg,442,74,496,128,human
665.jpg,433,321,490,369,human
665.jpg,260,160,312,215,human
665.jpg,317,415,341,479,human
666.jpg,324,125,378,160,human
666.jpg,290,477,327,544,human
667.jpg,,,,,
668.jpg,,,,,
669.jpg,276,200,334,259,human
669.jpg,297,76,345,120,human
669.jpg,424,314,477,334,human
670.jpg,282,186,324,224,human
670.jpg,185,118,251,187,human
670.jpg,252,315,298,346,human
671.jpg,,,,,
672.jpg,171,437,225,494,human
672.jpg,268,350,324,396,human
673.jpg,156,312,224,367,human
673.jpg,428,376,489,436,human
674.jpg,163,345,193,408,human
675.jpg,,,,,
676.jpg,420,168,480,218,human
676.jpg,263,274,288,318,human
676.jpg,488,442,543,492,human
677.jpg,,,,,
678.jpg,159,390,225,446,human
678.jpg,258,118,313,183,human
679.jpg,145,148,183,194,human
679.jpg,335,210,393,246,human
679.jpg,213,130,282,194,human
680.jpg,267,176,325,234,human
681.jpg,275,184,323,231,human
682.jpg,385,329,432,387,human
682.jpg,455,219,523,245,human
683.jpg,429,301,474,356,human
683.jpg,337,105,378,154,human
684.jpg,,,,,
685.jpg,107,103,191,158,human
685.jpg,496,301,547,356,human
686.jpg,,,,,
687.jpg,210,479,244,544,human
687.jpg,321,263,367,296,human
687.jpg,288,285,337,326,human
688.jpg,217,406,245,479,human
689.jpg,282,223,303,267,human
689.jpg,435,257,467,301,human
690.jpg,,,,,
691.jpg,252,205,290,249,human
692.jpg,267,314,311,365,human
692.jpg,339,231,385,258,human
693.jpg,,,,,
694.jpg,189,260,224,302,human
694.jpg,312,380,360,421,human
695.jpg,347,157,414,215,human
695.jpg,417,313,480,353,human
696.jpg,461,84,529,158,human
696.jpg,133,402,192,456,human
696.jpg,260,319,307,353,human
697.jpg,422,50,483,116,human
697.jpg,185,220,236,270,human
697.jpg,220,209,244,256,human
698.jpg,339,179,372,235,human
698.jpg,416,298,469,336,human
699.jpg,89,69,162,124,human
700.jpg,280,280,336,309,human
700.jpg,157,112,208,148,human
700.jpg,412,310,455,367,human
701.jpg,,,,,
702.jpg,151,177,187,235,human
702.jpg,295,153,338,180,human
703.jpg,449,56,518,128,human
703.jpg,173,207,210,252,human
703.jpg,514,72,578,98,human
704.jpg,,,,,
705.jpg,462,446,516,476,human
705.jpg,422,86,474,151,human
706.jpg,181,308,236,348,human
706.jpg,210,405,257,425,human
706.jpg,257,479,315,544,human
707.jpg,,,,,
708.jpg,251,406,284,467,human
708.jpg,189,102,233,159,human
709.jpg,,,,,
710.jpg,,,,,
711.jpg,200,284,254,332,human
712.jpg,112,299,165,350,human
712.jpg,217,202,275,238,human
713.jpg,149,373,204,429,human
713.jpg,111,460,178,505,human
713.jpg,346,165,358,216,human
714.jpg,109,142,169,195,human
714.jpg,160,470,210,544,human
714.jpg,75,126,143,167,human
715.jpg,,,,,
716.jpg,488,458,556,507,human
717.jpg,272,107,316,171,human
718.jpg,130,323,165,370,human
718.jpg,182,385,226,435,human
719.jpg,332,437,376,476,human
720.jpg,315,370,344,421,human
721.jpg,237,370,300,441,human
722.jpg,248,133,275,187,human
722.jpg,338,112,398,177,human
722.jpg,252,71,304,134,human
723.jpg,,,,,
724.jpg,341,207,383,265,human
725.jpg,521,486,548,544,human
726.jpg,125,202,181,243,human
726.jpg,327,283,368,316,human
726.jpg,522,422,594,446,human
727.jpg,62,418,132,487,human
727.jpg,96,425,156,483,human
727.jpg,124,218,201,271,human
728.jpg,,,,,
729.jpg,,,,,
730.jpg,159,241,191,295,human
730.jpg,276,411,331,475,human
731.jpg,391,154,415,206,human
732.jpg,150,42,208,104,human
733.jpg,257,282,317,343,human
733.jpg,478,399,532,453,human
733.jpg,464,41,489,104,human
734.jpg,157,179,214,230,human
734.jpg,246,364,271,417,human
734.jpg,518,181,582,226,human
735.jpg,373,233,434,257,human
735.jpg,449,396,499,435,human
736.jpg,366,298,391,351,human
737.jpg,,,,,
738.jpg,124,150,184,192,human
738.jpg,152,132,216,179,human
739.jpg,113,425,174,487,human
740.jpg,294,288,351,310,human
741.jpg,101,440,156,505,human
741.jpg,446,439,503,500,human
741.jpg,252,107,301,150,human
742.jpg,175,120,231,147,human
742.jpg,385,358,456,418,human
743.jpg,456,133,513,185,human
744.jpg,317,300,359,343,human
744.jpg,135,315,193,353,human
745.jpg,,,,,
746.jpg,,,,,
747.jpg,372,235,439,283,human
748.jpg,227,154,278,216,human
748.jpg,254,55,298,109,human
748.jpg,329,171,342,226,human
749.jpg,409,294,471,350,human
749.jpg,213,460,269,494,human
749.jpg,513,148,583,182,human
750.jpg,476,169,552,232,human
751.jpg,164,172,233,238,human
751.jpg,299,470,358,542,human
752.jpg,,,,,
753.jpg,514,221,579,276,human
754.jpg,136,52,195,121,human
754.jpg,296,408,354,468,human
755.jpg,144,148,210,190,human
755.jpg,226,307,278,363,human
756.jpg,,,,,
757.jpg,391,419,430,480,human
757.jpg,105,310,173,371,human
758.jpg,283,315,305,374,human
759.jpg,360,432,408,482,human
759.jpg,105,255,175,319,human
760.jpg,138,446,198,503,human
760.jpg,265,56,324,127,human
761.jpg,378,278,431,316,human
761.jpg,381,76,436,131,human
762.jpg,269,301,307,351,human
762.jpg,257,166,312,218,human
763.jpg,212,253,272,308,human
763.jpg,348,290,392,353,human
764.jpg,,,,,
765.jpg,380,279,437,296,human
765.jpg,199,436,258,477,human
765.jpg,235,104,255,161,human
766.jpg,377,443,427,486,human
767.jpg,517,239,578,285,human
767.jpg,214,409,270,453,human
768.jpg,,,,,
769.jpg,311,135,355,169,human
769.jpg,338,255,383,306,human
770.jpg,,,,,
771.jpg,354,316,399,341,human
771.jpg,314,67,372,113,human
771.jpg,111,193,156,241,human
772.jpg,281,404,332,444,human
772.jpg,340,402,381,460,human
772.jpg,183,381,245,433,human
773.jpg,462,188,526,243,human
773.jpg,172,93,237,157,human
773.jpg,248,325,299,373,human
774.jpg,,,,,
775.jpg,303,478,329,544,human
775.jpg,447,421,499,485,human
775.jpg,367,237,418,264,human
776.jpg,139,402,206,461,human
776.jpg,391,186,426,243,human
776.jpg,114,125,176,164,human
777.jpg,413,229,443,281,human
778.jpg,116,345,164,408,human
779.jpg,137,392,198,466,human
780.jpg,452,143,513,212,human
781.jpg,166,369,205,423,human
781.jpg,122,35,187,93,human
782.jpg,285,380,349,447,human
782.jpg,431,333,485,373,human
783.jpg,,,,,
784.jpg,339,352,386,379,human
784.jpg,280,187,330,239,human
784.jpg,468,136,538,203,human
785.jpg,438,62,472,125,human
785.jpg,423,103,478,133,human
785.jpg,383,290,439,341,human
786.jpg,316,345,360,365,human
786.jpg,136,124,159,174,human
787.jpg,,,,,
788.jpg,,,,,
789.jpg,298,199,363,252,human
790.jpg,433,356,497,389,human
791.jpg,115,219,166,275,human
791.jpg,144,274,164,316,human
791.jpg,178,131,237,191,human
792.jpg,317,267,374,324,human
793.jpg,271,257,325,310,human
793.jpg,137,337,204,391,human
794.jpg,264,419,306,472,human
795.jpg,,,,,
796.jpg,267,368,314,419,human
796.jpg,275,311,339,359,human
796.jpg,106,403,179,478,human
797.jpg,349,350,380,405,human
798.jpg,,,,,
799.jpg,101,127,151,180,human
799.jpg,441,445,501,486,human
800.jpg,324,272,368,309,human
800.jpg,155,277,184,321,human
800.jpg,135,367,198,389,human
