1529580653022531072.png,607,48,626,62,human
1529580653522481152.png,591,33,610,47,human
1529580654022430976.png,594,32,613,46,human
1529580654255741184.png,574,61,593,75,human
1529580655022331136.png,561,87,581,103,human
1529580655255641088.png,577,77,597,93,human
1529580657022131200.png,617,118,638,135,human
1529580658022031104.png,547,234,568,251,human
1529580658521981184.png,587,255,609,273,human
1529580660255141120.png,574,349,603,368,human
1529580660521780992.png,607,384,636,403,human
1529580700251141120.png,457,51,473,64,human
1529580702517581056.png,534,144,551,156,human
1529580703017531136.png,551,139,575,152,human
